1,06/02/2014
1,14/06/2013
1,16/12/2013
1,18/02/2013
1,18/03/2014
1,21/01/2014
1,23/08/2013
1,24/12/2013
1,26/04/2013
2,10/01/2014
2,10/03/2014
2,13/03/2014
2,18/03/2013
2,19/02/2013
2,20/01/2014
2,20/02/2014
2,23/07/2013
2,24/03/2014
2,24/09/2013
2,27/12/2013
2,31/03/2014
3,01/08/2013
3,03/02/2014
3,07/03/2014
3,08/11/2013
3,09/01/2013
3,11/01/2013
3,13/02/2014
3,14/02/2013
3,15/04/2013
3,17/01/2014
3,19/03/2013
3,20/03/2013
3,20/03/2014
3,21/03/2013
3,22/02/2013
3,22/03/2013
3,24/01/2014
3,24/02/2014
3,24/06/2013
3,26/02/2014
3,28/03/2014
4,02/07/2013
4,05/02/2013
4,05/02/2014
4,06/03/2013
4,06/03/2014
4,07/05/2013
4,14/02/2014
4,15/02/2013
4,18/02/2014
4,19/07/2013
4,20/05/2013
4,22/04/2013
4,22/05/2013
4,22/10/2013
4,24/05/2013
4,26/07/2013
4,26/09/2013
4,27/03/2013
4,27/05/2013
4,28/02/2014
4,29/01/2013
5,01/03/2013
5,01/07/2013
5,10/02/2014
5,13/12/2013
5,20/02/2013
5,20/12/2013
5,21/02/2013
5,22/01/2013
5,23/01/2014
5,25/01/2013
5,25/02/2014
5,25/03/2014
5,27/01/2014
6,03/03/2014
6,03/06/2013
6,04/02/2013
6,05/03/2014
6,08/03/2013
6,09/04/2013
6,09/07/2013
6,09/12/2013
6,11/04/2014
6,13/09/2013
6,16/01/2014
6,16/08/2013
6,23/01/2013
6,23/12/2013
6,25/04/2013
6,26/02/2013
6,28/01/2014
7,02/04/2014
7,05/03/2013
7,06/05/2013
7,06/09/2013
7,07/02/2013
7,08/01/2014
7,08/04/2014
7,09/04/2014
7,10/04/2013
7,10/09/2013
7,11/03/2014
7,15/07/2013
7,18/10/2013
7,20/08/2013
7,22/01/2014
7,22/07/2013
7,23/05/2013
7,23/10/2013
7,24/07/2013
7,24/10/2013
7,25/03/2013
7,25/06/2013
7,28/10/2013
7,29/01/2014
7,30/01/2014
7,31/07/2013
8,03/04/2013
8,05/08/2013
8,10/07/2013
8,10/12/2013
8,12/11/2013
8,15/01/2013
8,17/06/2013
8,21/05/2013
8,22/08/2013
8,23/04/2013
8,25/07/2013
8,27/02/2014
8,27/09/2013
9,05/04/2013
9,06/08/2013
9,06/12/2013
9,08/04/2013
9,16/01/2013
9,18/07/2013
9,21/01/2013
9,21/03/2014
9,27/02/2013
9,28/01/2013
9,28/05/2013
9,30/01/2013
10,02/09/2013
10,07/02/2014
10,09/01/2014
10,10/04/2014
10,11/02/2014
10,11/03/2013
10,11/09/2013
10,25/11/2013
10,26/03/2014
10,27/03/2014
10,29/04/2013
11,02/08/2013
11,03/07/2013
11,04/01/2013
11,04/03/2013
11,04/04/2014
11,07/08/2013
11,08/02/2013
11,11/04/2013
11,11/10/2013
11,11/12/2013
11,12/02/2014
11,14/01/2014
11,15/01/2014
11,16/09/2013
11,17/09/2013
11,19/08/2013
11,25/09/2013
11,28/12/2012
12,02/04/2013
12,04/06/2013
12,08/01/2013
12,11/11/2013
12,13/03/2013
12,14/08/2013
12,15/11/2013
12,26/03/2013
12,26/08/2013
12,26/11/2013
12,31/01/2013
13,01/04/2013
13,09/08/2013
13,13/02/2013
13,14/10/2013
13,15/03/2013
13,17/05/2013
13,18/11/2013
13,24/01/2013
13,25/10/2013
13,29/10/2013
14,03/04/2014
14,04/03/2014
14,05/11/2013
14,13/01/2014
14,14/01/2013
14,14/03/2014
14,21/08/2013
14,29/05/2013
14,31/01/2014
15,03/01/2014
15,04/11/2013
15,07/03/2013
15,08/08/2013
15,09/10/2013
15,12/03/2014
15,14/05/2013
15,14/11/2013
15,16/07/2013
15,18/01/2013
15,22/11/2013
15,27/11/2013
16,04/02/2014
16,08/05/2013
16,12/03/2013
16,12/07/2013
16,13/05/2013
16,17/12/2013
16,21/06/2013
16,30/09/2013
17,09/09/2013
17,19/03/2014
17,26/06/2013
18,01/02/2013
18,01/04/2014
18,02/12/2013
18,03/09/2013
18,04/10/2013
18,07/06/2013
18,10/06/2013
18,11/07/2013
18,12/12/2013
18,20/06/2013
18,23/09/2013
18,25/02/2013
19,04/07/2013
19,09/05/2013
19,11/06/2013
19,12/08/2013
19,18/12/2013
19,28/11/2013
19,29/11/2013
20,03/01/2013
20,03/12/2013
20,04/09/2013
20,07/01/2013
20,07/01/2014
20,13/08/2013
20,19/12/2013
21,05/07/2013
21,10/01/2013
22,06/01/2014
22,08/07/2013
22,15/05/2013
22,17/07/2013
22,21/10/2013
23,05/06/2013
23,12/04/2013
23,15/08/2013
23,15/10/2013
23,17/04/2013
23,18/09/2013
23,19/11/2013
24,13/06/2013
24,17/01/2013
24,20/09/2013
24,20/11/2013
24,21/11/2013
24,31/05/2013
25,05/12/2013
25,12/09/2013
25,16/10/2013
25,26/12/2013
25,27/08/2013
25,30/10/2013
26,03/10/2013
26,04/04/2013
26,10/10/2013
27,13/11/2013
27,19/04/2013
28,03/05/2013
28,05/09/2013
28,06/02/2013
29,06/11/2013
29,10/05/2013
29,19/06/2013
29,19/09/2013
29,30/05/2013
30,28/02/2013
31,18/06/2013
32,02/01/2013
32,14/03/2013
32,28/08/2013
33,17/10/2013
35,16/05/2013
36,02/05/2013
36,06/06/2013
39,01/10/2013
39,02/10/2013
39,04/12/2013
40,12/06/2013
40,31/10/2013
41,02/01/2014
46,07/04/2014
52,07/11/2013
56,29/08/2013
58,18/04/2013
118,30/04/2013
